rank,Youtuber,subscribers,video views,video count,category,started
1,Tsuriki Show,"34,100,000","42,490,526,838","4,739",Entertainment,2019
2,Kidibli (Kinder Spielzeug Kanal),"29,600,000","15,673,364,837","1,236",Entertainment,2015
3,Kurzgesagt – In a Nutshell,"23,600,000","3,145,706,013",271,Education,2013
4,boxtoxtv,"23,500,000","18,303,986,629","1,559",Comedy,2022
5,HaerteTest,"19,500,000","3,420,864,412","1,712",Science & Technology,2011
6,Noel Robinson,"18,600,000","10,752,582,783","1,639",Entertainment,2015
7,FAMILY BOOMS,"16,800,000","16,225,259,066","1,587",Entertainment,2021
8,Talking Angela,"13,300,000","4,116,834,514",345,Entertainment,2014
9,Ice Cream Rolls,"12,400,000","1,709,743,695","2,725",Entertainment,2011
10,The Voice Kids,"12,200,000","4,238,778,683","1,756",Entertainment,2013
11,Electric Squad,"11,700,000","1,108,711,604",244,Gaming,2022
12,German Spidey,"10,900,000","11,280,067,476","1,479",Comedy,2021
13,Pamela Reif,"10,200,000","2,039,097,393",283,Howto & Style,2013
14,ag_soccer team,"9,050,000","9,196,775,078","1,636",Sports,2021
15,Ameer Bros,"8,770,000","1,664,205,957",291,Entertainment,2018
16,Dave Ardito,"8,660,000","3,623,871,897",259,Entertainment,2020
17,Rammstein Official,"8,600,000","6,634,639,951",158,Entertainment,2015
18,freekickerz,"8,540,000","2,445,688,173","1,679",Sports,2010
19,COLORS,"7,850,000","3,200,956,695","1,364",Music,2016
20,growingannanas,"7,110,000","3,804,512,320","1,055",Sports,2017
21,TikTokTunes,"6,990,000","4,713,201,758","1,223",Music,2019
22,EugenBro,"6,940,000","2,491,287,963","1,342",Gaming,2015
23,TheFatRat,"6,560,000","2,141,174,546",130,Music,2011
24,Zedd,"6,220,000","3,650,280,131",211,Music,2010
25,Mascha und der Bär,"6,180,000","2,779,346,690","1,572",Shows,2016
26,Ali Omar,"6,140,000","703,764,460",868,Entertainment,2018
27,Unique Vibes,"5,950,000","3,676,275,292","1,251",Music,2016
28,nadinebreaty,"5,840,000","4,191,817,862","1,412",People & Blogs,2014
29,BibisBeautyPalace,"5,770,000","2,896,617,685",945,Howto & Style,2012
30,DW Documental,"5,670,000","1,305,835,435",670,People & Blogs,2017
31,DW News,"5,620,000","2,613,368,435","37,999",News & Politics,2007
32,Paluten,"5,530,000","5,564,401,210","8,339",Gaming,2012
33,Nik Wild Animals,"5,490,000","4,475,179,345","1,188",Pets & Animals,2022
34,Free Documentary,"5,330,000","1,150,376,066",837,Entertainment,2013
35,CloudKid,"5,330,000","3,099,493,859","2,945",Entertainment,2013
36,Essen Recipes,"5,200,000","1,166,586,395",602,People & Blogs,2020
37,Bundesliga,"5,180,000","2,834,833,011","10,282",Sports,2006
38,SKITS German,"5,150,000","4,640,958,734","2,964",Howto & Style,2023
39,Scorpions,"5,010,000","3,770,294,329",606,Entertainment,2008
40,Gronkh,"5,000,000","3,886,153,257","16,710",Gaming,2006
41,DW Español,"4,940,000","2,891,368,309","44,940",News & Politics,2012
42,Garri Creative,"4,890,000","1,449,298,471",446,People & Blogs,2022
43,KinoCheck.com,"4,760,000","3,894,636,092","7,109",Entertainment,2014
44,FC Bayern München,"4,720,000","2,441,991,235","6,454",Sports,2006
45,ProsafiaGaming,"4,700,000","4,919,466,523","2,196",Gaming,2010
46,ArkivaShqip,"4,610,000","7,678,417,494","8,859",Entertainment,2009
47,Dhruv Rathee Shorts,"4,450,000","1,923,245,405",313,People & Blogs,2022
48,Livani's Studio,"4,420,000","1,508,791,423",216,Film & Animation,2013
49,Calisthenicmovement,"4,270,000","541,985,913",371,Sports,2012
50,Craftronix,"4,180,000","1,295,205,099",416,Film & Animation,2013
51,Simon Desue,"4,140,000","833,801,150",703,Entertainment,2009
52,Mohamad Gowani محمد جواني,"4,120,000","130,780,742",108,Entertainment,2016
53,TheKAIRI78,"4,020,000","1,462,621,139","4,774",Gaming,2011
54,FilmSelect,"4,020,000","2,031,884,349","2,560",Entertainment,2016
55,Hausgemachte Rezepte,"4,010,000","718,272,915",554,People & Blogs,2020
56,Keluarga Bahagia Di Jerman,"3,960,000","796,365,101","1,021",People & Blogs,2013
57,Dagi Bee,"3,900,000","1,072,868,773",664,Howto & Style,2012
58,iCrimax,"3,850,000","2,266,001,019","3,719",Gaming,2013
59,Fox Family - Official Channel,"3,840,000","1,098,619,128",855,Entertainment,2014
60,Freshtorge,"3,790,000","1,721,122,203","1,002",Comedy,2009
61,GermanLetsPlay,"3,740,000","2,680,488,362","6,905",Gaming,2010
62,Robin Schulz,"3,740,000","4,271,593,171",547,Music,2011
63,Family Bros,"3,700,000","832,837,433",33,Entertainment,2019
64,BBlocks,"3,690,000","1,179,106,836",146,Gaming,2019
65,Maryna Aksenov,"3,680,000","2,863,301,815","2,750",Music,2011
66,Ikram Bellanova,"3,640,000","483,790,985",405,Howto & Style,2011
67,ungespielt,"3,620,000","2,127,765,137","4,899",Gaming,2012
68,Werner Worldwide,"3,580,000","2,608,099,639",11,Entertainment,2023
69,ApeCrime,"3,550,000","1,155,725,333",700,Entertainment,2011
70,Hakimcecil,"3,550,000","1,782,541,670","1,199",Film & Animation,2020
71,Standart Skill,"3,520,000","2,096,555,372","4,021",Gaming,2013
72,EUROPA Kinderprogramm,"3,470,000","1,427,326,138",424,Film & Animation,2010
73,MERO,"3,420,000","1,563,866,018",73,People & Blogs,2018
74,rewinside,"3,410,000","2,112,546,956","4,973",Gaming,2013
75,AirwaveMusicTV,"3,390,000","1,404,282,582","4,215",Music,2011
76,FunChannel,"3,390,000","2,587,808,079",833,Sports,2016
77,LAMI,"3,320,000","1,099,124,929","2,018",Gaming,2019
78,ClayClaim,"3,270,000","515,362,075",661,Entertainment,2015
79,TITus BOSS BABY,"3,260,000","60,223,989",19,Entertainment,2010
80,Nuclear Blast Records,"3,240,000","3,305,898,527","6,952",Music,2006
81,Dhruv Rathee Vlogs,"3,210,000","532,462,288",222,People & Blogs,2020
82,Felix von der Laden,"3,200,000","1,465,013,539","4,020",Gaming,2011
83,Caro Kowanz English,"3,190,000","1,533,341,321",483,Education,2022
84,marsgizmo,"3,100,000","4,127,105,317",536,Entertainment,2018
85,JoergSprave,"3,080,000","593,657,591","1,308",Science & Technology,2008
86,AviveHD,"3,060,000","1,233,262,052","3,094",Gaming,2012
87,Hurra Kinderlieder,"3,040,000","2,986,610,525",273,Entertainment,2014
88,Like Nastya DE,"3,020,000","1,061,903,350",671,Entertainment,2019
89,BangerChannel,"3,000,000","2,135,587,900",900,Entertainment,2010
90,BUSHIDO,"3,000,000","1,633,836,225",243,Entertainment,2005
91,asmr zeitgeist,"3,000,000","724,940,402",350,Entertainment,2015
92,Elif Karaman,"2,990,000","649,060,810",349,Entertainment,2014
93,MontanaBlack,"2,970,000","340,913,389",377,People & Blogs,2009
94,MurkXtreme Shorts,"2,960,000","2,278,925,828",235,Entertainment,2020
95,RC RC RC!!!,"2,940,000","1,283,299,468","2,041",People & Blogs,2016
96,Elif Foods,"2,940,000","1,792,036,493",347,People & Blogs,2020
97,Uyen Ninh,"2,920,000","5,363,263,070",787,Comedy,2021
98,JONAS,"2,910,000","888,219,844","1,292",Entertainment,2011
99,Mayapolarbear,"2,910,000","559,468,201",214,Pets & Animals,2018
100,Shirin David,"2,900,000","598,189,868",198,Entertainment,2014
101,DVB TV News,"2,850,000","1,339,344,566","102,445",News & Politics,2010
102,SpontanaBlack,"2,830,000","1,007,719,915","1,570",Gaming,2013
103,Fritz Meinecke,"2,810,000","372,129,721",711,People & Blogs,2014
104,unsympathischTV,"2,800,000","707,460,533",634,Entertainment,2014
105,HandOfBlood,"2,800,000","1,141,041,735","2,258",Gaming,2010
106,Arazhul,"2,750,000","3,418,759,570","3,744",Gaming,2012
107,inscope21,"2,750,000","720,249,094","1,635",Entertainment,2010
108,LeFloid,"2,740,000","745,227,754","1,286",Entertainment,2007
109,CrhymeTV,"2,720,000","2,112,586,938",192,Entertainment,2008
110,Frische Rezepte,"2,670,000","556,461,654",737,People & Blogs,2021
111,DW на русском,"2,670,000","1,804,441,519","20,153",News & Politics,2010
112,Gesund und schnell,"2,660,000","599,691,444","1,014",People & Blogs,2021
113,urbanamadei,"2,630,000","898,386,188",739,Sports,2006
114,Julia Beautx,"2,630,000","620,372,563",492,Howto & Style,2013
115,DieLochis,"2,630,000","1,061,543,315",642,Entertainment,2011
116,M7HU,"2,620,000","1,536,471,600","1,058",Gaming,2019
117,JP Performance GmbH,"2,580,000","1,685,282,525","2,450",Autos & Vehicles,2012
118,LatinNow,"2,570,000","2,542,720,838","1,405",Music,2019
119,xKito Music,"2,560,000","2,417,916,324","2,177",Music,2006
120,Kelvin und Marvin,"2,560,000","1,342,637,980","1,286",Entertainment,2016
121,URBAN DANCE CAMP,"2,540,000","532,950,774",223,Education,2010
122,SRS-RC,"2,540,000","965,405,902","1,375",Autos & Vehicles,2015
123,3D VR 360 VIDEOS,"2,520,000","852,483,623",300,Gaming,2015
124,MySpass Stand-up,"2,520,000","1,046,657,029","3,898",Entertainment,2009
125,Schnelle Rezepte,"2,520,000","433,467,820","1,434",Howto & Style,2020
126,DW Documentary وثائقية دي دبليو,"2,500,000","409,140,218","1,111",Education,2018
127,Oggy und die Kakerlaken,"2,500,000","1,205,894,359","2,126",Entertainment,2019
128,iBlali,"2,490,000","676,668,849",468,Entertainment,2011
129,viele Rezepte,"2,470,000","486,558,115",299,People & Blogs,2020
130,H2O - just add water,"2,470,000","1,092,050,023","1,133",Film & Animation,2013
131,Jeremy Fragrance,"2,470,000","366,122,988",548,People & Blogs,2014
132,PietSmiet,"2,470,000","3,749,640,904","28,579",Entertainment,2007
133,Khalid Alnaimi خالد النعيمي,"2,410,000","457,266,665",521,Comedy,2016
134,Leon Machère,"2,400,000","675,489,850",296,Entertainment,2011
135,Andrea Subotic,"2,400,000","2,342,816,887","1,519",People & Blogs,2018
136,LukasBS,"2,400,000","1,258,268,596","2,422",Gaming,2018
137,ViralBe,"2,390,000","364,584,269","1,582",Pets & Animals,2011
138,Trymacs,"2,390,000","1,406,127,701","4,163",Gaming,2016
139,Easy German,"2,380,000","239,307,819","1,252",Education,2015
140,foodiebeats,"2,370,000","2,455,989,736",398,People & Blogs,2021
141,Rapid Liquid,"2,360,000","1,090,847,761",527,Pets & Animals,2016
142,Rebekah Wing,"2,350,000","1,331,192,566","1,376",Entertainment,2014
143,Markey,"2,350,000","566,980,383","1,602",Entertainment,2012
144,Dinge Erklärt – Kurzgesagt,"2,350,000","301,129,722",153,Education,2014
145,WB Kids Deutschland,"2,350,000","1,173,642,783",977,Film & Animation,2019
146,Aysha Siddika,"2,340,000","437,722,889",756,Howto & Style,2015
147,يوسف الصدّيق / Prophet Joseph,"2,320,000",0,0,Film & Animation,2018
148,wie man kocht,"2,320,000","440,254,957",806,People & Blogs,2020
149,Dani Verdari,"2,310,000","2,585,092,728","1,988",People & Blogs,2022
150,DieAussenseiter,"2,300,000","568,149,342",352,Entertainment,2008
151,مميز عراقي 🇮🇶⃤ ɪʀᴀǫɪ,"2,300,000","1,337,267,037",884,https://us.youtubers.me/germany/all/top-1000-most_subscribed-youtube-channels-in-germany,2021
152,Made My Day,"2,290,000","1,218,512,659","1,712",Entertainment,2013
153,Ali friseur,"2,290,000","1,019,864,060",260,People & Blogs,2018
154,FiRiWiTTi,"2,280,000","133,003,631",580,Gaming,2014
155,Animenz Piano Sheets,"2,260,000","586,068,169",227,Entertainment,2010
156,Carlv.,"2,260,000","386,239,325",266,Pets & Animals,2023
157,InsecthausTV (Insecthaus),"2,250,000","997,025,368",676,Pets & Animals,2012
158,MrWissen2go,"2,250,000","408,024,448",855,Education,2012
159,Lecker schnell,"2,240,000","770,187,146","1,038",Education,2020
160,Yalla Gang,"2,210,000",0,0,Entertainment,2011
161,Irene Butsch,"2,210,000","777,179,707","1,132",People & Blogs,2011
162,Her 86m2,"2,200,000","150,978,831",198,People & Blogs,2020
163,ApeCrimeTV,"2,200,000","785,135,839","1,224",Entertainment,2011
164,عائلة شادو SE Family,"2,200,000","138,101,616",173,Entertainment,2012
165,Trimix,"2,190,000","374,510,726",459,Gaming,2016
166,Benx,"2,190,000","2,975,693,909","5,834",Gaming,2014
167,Ocean Conservation Namibia,"2,180,000","1,236,136,440","2,647",Nonprofits & Activism,2011
168,Die Crew,"2,180,000","1,224,569,805","1,571",Gaming,2016
169,Packet Head Shorts,"2,170,000","644,069,137",502,People & Blogs,2023
170,Emrah,"2,160,000","349,943,601",179,Education,2011
171,Peppa Pig Deutsch - Offizieller Kanal,"2,160,000","2,352,686,060","4,134",Film & Animation,2015
172,mr bundesteam,"2,150,000","319,268,250",128,Sports,2014
173,Sallys Welt,"2,140,000","723,724,785","1,989",Howto & Style,2011
174,Joey's Jungle,"2,140,000","953,915,232",494,Entertainment,2008
175,Liebscher & Bracht | Die Schmerzspezialisten,"2,110,000","378,794,661","1,686",Sports,2015
176,TEUFELSRAD,"2,100,000","849,645,095","1,630",Entertainment,2023
177,Crazy Ashley  Doll,"2,100,000","2,180,598,488","1,578",People & Blogs,2021
178,Jindaouis,"2,080,000","617,864,224",259,People & Blogs,2019
179,BavariaMedic,"2,070,000","909,206,523",258,People & Blogs,2015
180,Lehrerschmidt,"2,070,000","317,132,396","1,886",Education,2012
181,WELT Nachrichtensender,"2,060,000","3,908,137,594","59,465",Pets & Animals,2011
182,Little Baby Bum Deutsch,"2,060,000","868,120,020","1,296",Education,2014
183,C4D4U,"2,050,000","3,128,427,503",400,Film & Animation,2014
184,DER SPIEGEL,"2,040,000","2,126,050,512","11,705",People & Blogs,2006
185,CrispyRob,"2,040,000","379,790,371",375,Entertainment,2015
186,BastiGHG,"2,030,000","915,288,682","1,637",Gaming,2014
187,GreatScott!,"2,030,000","319,164,312",503,Science & Technology,2013
188,MASMAVİ3🔹MUTFAKTA,"2,010,000","498,013,005",660,Howto & Style,2015
189,Gewitter im Kopf - Leben mit Tourette,"2,010,000","353,192,054",454,People & Blogs,2015
190,Zig und Sharko,"2,010,000","848,838,884",953,Entertainment,2019
191,AGGRO.TV,"2,000,000","1,673,401,224","3,375",Entertainment,2006
192,Nirami,"2,000,000","1,353,903,346","2,583",Film & Animation,2012
193,makoccino,"1,990,000","174,265,052",417,Howto & Style,2011
194,Juan Bergman,"1,990,000","829,864,575",206,Entertainment,2024
195,KELLY //missesvlog,"1,980,000","437,819,574",791,People & Blogs,2010
196,Foodkagechris,"1,980,000","815,680,466",200,Howto & Style,2020
197,Reggaeville,"1,980,000","776,330,003","9,995",Entertainment,2008
198,Мастер Владислав,"1,980,000","530,055,958","1,398",People & Blogs,2014
199,Sturmwaffel,"1,970,000","751,429,781","5,342",Gaming,2013
200,tomatolix,"1,970,000","359,652,834",261,Entertainment,2010
201,Patrik Pietschmann,"1,970,000","635,744,635",115,Music,2013
202,Dima,"1,970,000","322,697,047",585,People & Blogs,2005
203,SciePro,"1,960,000","1,275,268,675",338,Science & Technology,2007
204,MNcompsJR,"1,960,000","158,617,612",103,Sports,2015
205,Disney Channel Deutschland,"1,950,000","1,611,851,631","6,211",Entertainment,2009
206,moviemaniacsDE,"1,950,000","2,278,235,583","10,012",Entertainment,2008
207,En Pocas Palabras – Kurzgesagt,"1,930,000","158,082,158",87,Education,2019
208,Leckere Minute,"1,930,000","359,655,248",614,People & Blogs,2020
209,HD1080ide,"1,920,000","1,221,530,508",478,https://us.youtubers.me/germany/all/top-1000-most_subscribed-youtube-channels-in-germany,2010
210,HeyMoritz,"1,920,000","811,209,116","1,465",Entertainment,2012
211,ViscaBarca,"1,910,000","470,041,734","1,101",Entertainment,2011
212,WildLens by Abrar,"1,910,000","396,261,555",554,Travel & Events,2008
213,Milky Chance Official,"1,890,000","1,962,209,253",440,Entertainment,2012
214,54vbz,"1,890,000","357,394,326",778,Entertainment,2014
215,The Real Life Guys,"1,880,000","371,067,441",264,People & Blogs,2016
216,Cac2us Games,"1,880,000","736,933,117",200,Gaming,2023
217,Filmbilder & Friends,"1,880,000","664,022,934",239,Film & Animation,2007
218,Sarazar,"1,880,000","601,662,404","3,981",Gaming,2010
219,Feuerwehrmann Sam,"1,870,000","1,265,671,384","1,971",Film & Animation,2016
220,Simplicissimus,"1,860,000","394,677,089",429,People & Blogs,2015
221,Immer Appetitlich,"1,850,000","306,893,977",819,People & Blogs,2021
222,Binzila,"1,850,000","90,071,346",176,Gaming,2022
223,Rodina 🇩🇪🇮🇶,"1,840,000","352,310,528",740,Howto & Style,2016
224,Kitesurfing Official,"1,840,000","2,318,912,357",840,Sports,2021
225,DestructionNation,"1,840,000","697,765,259",882,Gaming,2012
226,Digster Pop Music,"1,830,000","1,141,884,305",847,Entertainment,2014
227,Jay & Arya,"1,830,000","578,457,483",548,People & Blogs,2011
228,Nickelodeon Deutschland,"1,830,000","1,600,194,264","2,764",Entertainment,2012
229,ProgrammingKnowledge,"1,810,000","305,687,169","3,628",Education,2012
230,Melina Sophie,"1,810,000","1,016,055",1,Entertainment,2013
231,The Great War,"1,790,000","336,711,258",780,Education,2014
232,TheOftler,"1,770,000","358,201,459","1,159",People & Blogs,2011
233,WildBrain Deutsch,"1,750,000","600,760,757","2,888",Film & Animation,2017
234,xLaeta,"1,750,000","344,125,787",952,People & Blogs,2013
235,26Solmates magic,"1,750,000","412,581,978",250,Science & Technology,2016
236,mariogklauofficial,"1,740,000","738,545,908",400,Music,2016
237,Learn German,"1,740,000","124,701,908","1,070",https://us.youtubers.me/germany/all/top-1000-most_subscribed-youtube-channels-in-germany,2016
238,Mexify,"1,740,000","336,355,616",390,Gaming,2012
239,Watch Movies Now!,"1,730,000","325,405,669",634,Film & Animation,2016
240,LIONTTV,"1,730,000","305,325,748",782,Comedy,2011
241,tagesschau,"1,730,000","1,516,853,810","27,227",News & Politics,2006
242,rezo,"1,720,000","195,009,608",47,Entertainment,2015
243,Merayad,"1,710,000","1,103,706,930","1,074",Sports,2020
244,ESL Counter-Strike,"1,710,000","593,157,196","3,598",Gaming,2016
245,LukeMockridgeTV,"1,710,000","1,008,036,370","1,709",Entertainment,2014
246,SpaceX Inc.,"1,710,000","20,571,411",0,Music,2011
247,Capi,"1,700,000","1,083,305,001","2,193",https://us.youtubers.me/germany/all/top-1000-most_subscribed-youtube-channels-in-germany,2016
248,HooplaKidz Deutsch - Kinderlieder auf Deutsch,"1,700,000","17,062,154","1,532",Education,2014
249,The Scientist Facts,"1,700,000","50,707,399",122,Howto & Style,2023
250,Paola Maria,"1,700,000","160,707,715",195,People & Blogs,2013
251,Little Angel Deutsch - Kinderlieder,"1,690,000","1,349,774,448",732,Entertainment,2019
252,Captain Joe,"1,690,000","229,915,346",411,Science & Technology,2014
253,BILD,"1,690,000","3,128,661,951","31,456",News & Politics,2014
254,El Margo,"1,690,000","642,775,186","2,569",Entertainment,2012
255,SlivkiShow DE,"1,680,000","418,318,087",437,Entertainment,2015
256,Moonbug Kids - Deutsch,"1,680,000","563,681,574","1,474",Entertainment,2017
257,leckere Küche,"1,670,000","353,642,996",577,People & Blogs,2020
258,Team Paluten,"1,670,000","875,969,512","2,768",Gaming,2014
259,Tokio Hotel,"1,670,000","643,874,687",505,Music,2007
260,Finnel,"1,660,000","1,337,672,585",612,People & Blogs,2016
261,Vành Khuyên Lê,"1,660,000","572,290,272","1,162",Howto & Style,2016
262,Sensual Musique,"1,660,000","1,112,975,761","2,281",Music,2014
263,Paul van Dyk,"1,660,000","707,436,038","1,091",Entertainment,2006
264,ABO3OMAR_FF,"1,650,000","107,492,820",177,Gaming,2023
265,Maruska 58,"1,650,000","3,075,083,912","2,504",Entertainment,2021
266,Sky Sport DE,"1,640,000","796,436,776","8,092",Sports,2009
267,صنايعية و حرفيين,"1,640,000","400,891,516","2,977",News & Politics,2019
268,ZDF heute-show,"1,640,000","1,137,470,882","1,855",Comedy,2016
269,Grjngo - Western Movies,"1,640,000","682,858,835",787,Film & Animation,2017
270,Fun4Two,"1,630,000","647,619,721",132,People & Blogs,2024
271,RC LIVE ACTION,"1,630,000","869,650,031","3,443",Entertainment,2007
272,Rezo ja lol ey,"1,630,000","400,182,031",168,People & Blogs,2018
273,GKAY,"1,620,000","72,813,578",343,People & Blogs,2013
274,Farina Jo,"1,610,000","451,243,312",437,Entertainment,2016
275,TEAM KUKU,"1,610,000","644,607,089",89,Music,2016
276,Troopa Deluxe,"1,610,000","1,512,203,369","2,915",Film & Animation,2020
277,Leckerer Kanal,"1,610,000","290,482,013",567,People & Blogs,2021
278,Sabine Hossenfelder,"1,610,000","248,750,381",767,Science & Technology,2007
279,Netzkino,"1,600,000","290,538,255","2,695",Film & Animation,2010
280,5-MINUTEN-TRICKS,"1,600,000","487,864,289","6,415",Howto & Style,2017
281,latteartcity,"1,600,000","1,909,628,285",662,Howto & Style,2014
282,TopZehn,"1,590,000","492,678,736",644,Education,2012
283,Varion,"1,590,000","506,253,244",767,Comedy,2014
284,RonnyKL7,"1,580,000","1,134,685,851",772,People & Blogs,2014
285,LiDiRo,"1,580,000","560,540,199",441,Film & Animation,2015
286,ASMR Miss Mi,"1,580,000","729,900,169","1,509",Entertainment,2019
287,Domtendo,"1,570,000","2,587,630,226","11,694",Gaming,2007
288,5 Minuten Tricks SPIEL,"1,560,000","940,201,072","6,275",People & Blogs,2018
289,Kids Tv Deutschland - Deutsch Kinderlieder,"1,560,000","902,310,393","1,865",People & Blogs,2014
290,Klinik am Südring,"1,560,000","1,412,100,709","5,331",Entertainment,2017
291,GameStar,"1,550,000","1,480,241,183","10,180",Gaming,2009
292,coldmirror,"1,540,000","489,512,591",488,Comedy,2006
293,لاعبين نجوم,"1,540,000","135,976,794",69,People & Blogs,2024
294,GRIP - Das Motormagazin,"1,540,000","979,625,256","1,134",Autos & Vehicles,2013
295,DOKTOR LIGHT,"1,520,000","337,972,886","1,063",Entertainment,2019
296,Olgas Küche,"1,520,000","559,238,846",460,https://us.youtubers.me/germany/all/top-1000-most_subscribed-youtube-channels-in-germany,2021
297,WiederDude Tutorials,"1,510,000","190,669,093",144,Gaming,2010
298,SONNENSEITE,"1,510,000","649,472,441","8,847",People & Blogs,2017
299,Sami Slimani,"1,510,000","86,134,962",184,Howto & Style,2009
300,Evil Toons,"1,510,000","64,177,111",182,Entertainment,2024
301,Familie Hauser,"1,500,000","2,381,078,884",959,Film & Animation,2015
302,Dolly and Friends - Family Cartoon,"1,490,000","417,422,178",718,People & Blogs,2016
303,Kontra K,"1,490,000","1,166,715,008",190,Entertainment,2014
304,Danny Jesden,"1,490,000","1,029,340,930","4,450",Gaming,2013
305,Samra,"1,480,000","1,027,847,458",98,Music,2019
306,MAITHINK X,"1,480,000","147,854,852",203,People & Blogs,2016
307,Mercedes-AMG Petronas Formula One Team,"1,480,000","528,992,387","2,140",Sports,2011
308,MAX,"1,480,000","424,015,537","1,166",Entertainment,2013
309,RedSama,"1,480,000","490,743",1,Gaming,2014
310,LPmitKev,"1,480,000",0,0,Gaming,2011
311,Alphastein,"1,470,000","918,738,830","2,704",Gaming,2016
312,Gnu,"1,470,000","479,007,363","1,770",Gaming,2015
313,Jenna Ortega FP,"1,470,000","846,576,091","1,322",https://us.youtubers.me/germany/all/top-1000-most_subscribed-youtube-channels-in-germany,2022
314,Schneller Koch,"1,470,000","449,885,806",796,https://us.youtubers.me/germany/all/top-1000-most_subscribed-youtube-channels-in-germany,2020
315,SnakeThug - Brawl Stars,"1,470,000","921,899,837","1,028",Gaming,2015
316,schnelle Küche,"1,470,000","365,553,836","1,090",People & Blogs,2020
317,Herzhaft und lecker,"1,460,000","290,867,641",394,People & Blogs,2021
318,Nahim Sky,"1,460,000","301,775,509",361,Entertainment,2012
319,Free High-Quality Documentaries,"1,450,000","395,935,809",519,https://us.youtubers.me/germany/all/top-1000-most_subscribed-youtube-channels-in-germany,2017
320,Finanzfluss,"1,450,000","240,234,205","1,566",Education,2015
321,edafoxx ASMR,"1,450,000","529,836,690","1,103",Entertainment,2019
322,Echtso,"1,450,000","1,186,376,184","1,893",Entertainment,2013
323,Hey Aaron!!!,"1,440,000","470,136,810",649,Entertainment,2013
324,RayFox,"1,440,000","442,192,222",601,Entertainment,2016
325,Nico Rosberg,"1,440,000","158,462,953",675,Autos & Vehicles,2011
326,Foot Epic,"1,440,000","488,476,859",177,Sports,2016
327,Younes Jones,"1,440,000","522,026,828",354,Comedy,2017
328,Mamiseelen,"1,430,000","1,196,809,543","1,820",Howto & Style,2012
329,Mert Abi,"1,430,000","344,596,647",250,Entertainment,2011
330,ZDFheute Nachrichten,"1,430,000","1,232,947,546","7,054",News & Politics,2019
331,World Wide Wohnzimmer,"1,420,000","622,847,236","2,170",Entertainment,2010
332,Hacks von Panda,"1,420,000","381,409,975",523,Howto & Style,2018
333,DOJU 도주,"1,420,000","269,160,376",99,Entertainment,2024
334,Alle Rezepte,"1,420,000","340,579,339",633,People & Blogs,2020
335,WannaBe,"1,420,000","618,911,601","1,422",Gaming,2018
336,Auf Streife,"1,410,000","1,485,885,760","6,329",Entertainment,2017
337,Alexandre Leroy,"1,410,000","308,727,700",988,Entertainment,2023
338,Bonnytrash,"1,410,000","31,540,017",64,People & Blogs,2015
339,FUNK 4.0,"1,410,000","171,881,654","1,920",People & Blogs,2017
340,AllesAva,"1,400,000","960,474,825","1,320",Entertainment,2015
341,Karina2you,"1,390,000","1,271,704,424","1,273",Comedy,2020
342,Johnny Hand,"1,390,000","582,818,807","1,871",Entertainment,2016
343,flyinguwe,"1,390,000","57,219,623",350,Sports,2007
344,Brownies,"1,390,000","327,683,849",938,Entertainment,2014
345,ClashGames,"1,380,000","642,709,327","3,585",Gaming,2015
346,SparkofPhoenix,"1,380,000","672,110,666","8,864",Gaming,2010
347,Felix Blume,"1,380,000","342,179,987",224,Entertainment,2013
348,Caillou Deutsch - WildBrain,"1,380,000","934,825,296","2,407",Film & Animation,2016
349,JuliensBlogBattle,"1,380,000","860,917,560",926,Entertainment,2012
350,LeKoopa,"1,370,000","922,391,168","1,696",Gaming,2012
351,Song des Tages,"1,370,000","1,283,044,748","2,253",Entertainment,2010
352,Katja Krasavice,"1,370,000","62,231",2,Entertainment,2014
353,vipmagazin Kino,"1,360,000","1,531,784,371","10,109",Film & Animation,2007
354,Mexify Games,"1,360,000","320,165,667",699,Gaming,2018
355,IDzock,"1,360,000","746,849,284","2,713",Gaming,2013
356,Bigtime - Free Movies,"1,360,000","170,707,302",650,Film & Animation,2016
357,LostHistorie,"1,350,000","385,681,984","1,983",https://us.youtubers.me/germany/all/top-1000-most_subscribed-youtube-channels-in-germany,2021
358,LauraJoelle,"1,350,000","206,482,325",423,Howto & Style,2011
359,Harin,"1,350,000","887,177,460",881,Comedy,2014
360,Gita Savitri Devi,"1,350,000","130,301,101",543,People & Blogs,2009
361,NDR Doku,"1,350,000","698,389,036","1,648",News & Politics,2005
362,Promiflash,"1,350,000","104,451,918","6,625",Entertainment,2010
363,JUcktmichnicht,"1,340,000","540,995,912",771,People & Blogs,2020
364,Kenhub - Learn Human Anatomy,"1,340,000","128,618,364",788,Education,2011
365,Mercedes-Benz & Maybach Fans,"1,330,000","421,261,895",453,People & Blogs,2017
366,Natallia & Habib: The MixMatch Family,"1,330,000","633,369,069","1,505",https://us.youtubers.me/germany/all/top-1000-most_subscribed-youtube-channels-in-germany,2020
367,Jessie Bluegrey,"1,330,000","1,890,398,050",713,Film & Animation,2020
368,Persian Music Group,"1,320,000","840,353,824","2,738",Music,2018
369,Sirloin,"1,320,000","1,112,215,835","8,853",Gaming,2016
370,#Mentale Zuflucht,"1,310,000","894,049,337","1,545",Entertainment,2016
371,KamuiCosplay,"1,300,000","258,755,382",444,Education,2006
372,TUBERIDES,"1,300,000","1,210,263,833","4,905",Entertainment,2009
373,SPACE FROGS,"1,300,000","873,438,270","1,353",People & Blogs,2011
374,Niki Nihachu,"1,300,000","37,404,884",64,Gaming,2020
375,proownez,"1,290,000","284,100,262","1,549",Gaming,2012
376,فايز كنفش fayez kanfash,"1,290,000","97,260,561",87,People & Blogs,2018
377,How2Shirli,"1,290,000","1,764,157,091","1,118",People & Blogs,2021
378,TalkToHand,"1,290,000","235,057,114",542,Gaming,2015
379,SMOL German,"1,280,000","990,478,754","2,669",Howto & Style,2023
380,Lomby Shorts,"1,280,000","500,045,593",487,https://us.youtubers.me/germany/all/top-1000-most_subscribed-youtube-channels-in-germany,2021
381,AlpaySanti,"1,280,000","972,278,877","1,105",People & Blogs,2020
382,SurvivalMattin,"1,280,000","229,777,601",371,Entertainment,2012
383,HandOfUncut,"1,280,000","630,230,742","2,125",Gaming,2015
384,Till Lindemann,"1,270,000","275,111,030",24,Music,2020
385,Coco der Neugierige Affe,"1,270,000","600,138,428","1,389",Film & Animation,2018
386,Su Vlogs,"1,270,000","638,176",59,People & Blogs,2011
387,Schnell Lecker Kochen,"1,270,000","171,573,449",777,People & Blogs,2020
388,ELoTRiX,"1,260,000","93,481,751",97,Gaming,2012
389,Selfmade Records,"1,260,000","826,697,176",426,Entertainment,2006
390,maudado,"1,260,000","466,774,817","3,212",Gaming,2012
391,Thieniboy,"1,260,000","1,675,793,678","1,409",Entertainment,2022
392,Mamba-Gaming,"1,260,000","20,985,382",436,People & Blogs,2023
393,7 vs. Wild,"1,250,000","348,194,521",167,People & Blogs,2023
394,LarsOderSo,"1,250,000","663,563,676","3,116",Gaming,2013
395,TeamFilGer,"1,250,000","596,495,699","1,157",Entertainment,2020
396,Aditotoro Shorts,"1,250,000","905,351,119",613,Comedy,2021
397,BeardBear,"1,250,000","1,019,891,575","2,466",Gaming,2015
398,querly,"1,250,000","169,254,756",390,Autos & Vehicles,2007
399,Einfache Rezepte,"1,240,000","204,429,008",515,Howto & Style,2021
400,Simone Ludwig | Floh im Ohr TV | Kindermusik,"1,240,000","940,393,638",391,https://us.youtubers.me/germany/all/top-1000-most_subscribed-youtube-channels-in-germany,2017
401,Noel Dederichs Shorts,"1,240,000","1,206,210,754",988,Comedy,2022
402,DAVE,"1,240,000","164,586,068",257,Entertainment,2013
403,Muhammed Kue - محمد كيو,"1,230,000","101,917,997",293,Comedy,2016
404,LUCREW,"1,230,000","452,489,009","1,057",People & Blogs,2019
405,Spiel mit mir,"1,230,000","755,867,826","4,010",Entertainment,2014
406,M7moud Royal,"1,230,000","55,685,561",71,Gaming,2016
407,STRG_F,"1,230,000","359,730,941",330,Film & Animation,2017
408,izzi,"1,220,000","272,458,283","1,386",Gaming,2013
409,Миссия Dawah,"1,220,000","221,206,291","1,032",Nonprofits & Activism,2016
410,TopWelt,"1,220,000","500,448,106","1,460",Entertainment,2015
411,Skech Art,"1,220,000","94,540,800",592,Howto & Style,2007
412,ChiChi Family,"1,220,000","255,060,120",284,Entertainment,2014
413,IsyCheesy,"1,220,000","1,290,043,376","2,689",Gaming,2017
414,Terra X History,"1,220,000","413,774,400",727,Science & Technology,2016
415,Renzo,"1,220,000","331,275,322",432,Entertainment,2021
416,EpicStun,"1,210,000","1,250,233,663","3,139",Gaming,2013
417,SCHLAUSCHLEIM SAM,"1,210,000","746,909,472","1,371",People & Blogs,2018
418,LOGO,"1,210,000","597,564,277","1,284",Gaming,2012
419,KinderKlubTV,"1,210,000","956,239,745",910,Education,2014
420,Schnell Lecker Schön,"1,210,000","178,801,932",802,People & Blogs,2021
421,Chill Thesoul Out German,"1,210,000","1,073,676,342",548,Howto & Style,2024
422,puuki,"1,210,000","391,595,428","2,551",Gaming,2015
423,Team Harrison,"1,200,000","359,329,155",473,Entertainment,2015
424,itsAssiTV,"1,190,000","220,372,058",351,People & Blogs,2014
425,Phil Laude,"1,190,000","377,731,231",488,Comedy,2015
426,Mustihaft,"1,180,000","186,303,092",312,People & Blogs,2016
427,A.B.K,"1,180,000","312,633,911",564,People & Blogs,2007
428,Macrame School,"1,180,000","150,208,965","1,105",Howto & Style,2012
429,DJ Noize,"1,180,000","333,044,947",376,https://us.youtubers.me/germany/all/top-1000-most_subscribed-youtube-channels-in-germany,2011
430,InscopeLifestyle,"1,180,000","259,755,294",892,People & Blogs,2014
431,Mr Hanan,"1,170,000","60,338,924",130,https://us.youtubers.me/germany/all/top-1000-most_subscribed-youtube-channels-in-germany,2014
432,Ischtar Isik,"1,170,000","251,867,236",859,Howto & Style,2010
433,Schnell Lecker,"1,160,000","373,712,916","1,558",People & Blogs,2020
434,Saebom2,"1,160,000","654,983,132",433,People & Blogs,2021
435,Taddl,"1,160,000",0,0,Gaming,2009
436,Danergy,"1,160,000","229,622,301","1,018",Comedy,2013
437,Moonlight Jewel,"1,160,000","163,015,135",185,Entertainment,2016
438,Cargospotter,"1,160,000","623,208,475","1,232",Science & Technology,2011
439,La La Lebensfreude,"1,150,000","835,049,735",859,Howto & Style,2020
440,Rick Azas,"1,150,000","1,396,716,655","3,217",Education,2012
441,Joyce,"1,150,000","242,584,415",508,Entertainment,2013
442,FeelFIFA,"1,150,000","445,949,596","2,962",Gaming,2011
443,Kaan,"1,140,000","847,440,058",761,Travel & Events,2021
444,Moji,"1,140,000","211,966,210",501,Entertainment,2017
445,Fritz Meinecke - Live,"1,140,000","375,560,528","1,510",Entertainment,2020
446,extra 3,"1,140,000","1,378,084,528","4,842",News & Politics,2014
447,Y-Kollektiv,"1,140,000","378,863,013",571,People & Blogs,2016
448,Papaplatte,"1,130,000","212,444,920",349,Gaming,2014
449,FIA World Rally Championship,"1,130,000","355,385,487","5,761",Sports,2006
450,One More German,"1,130,000","1,084,251,600","1,883",Howto & Style,2023
451,Terra X Lesch & Co,"1,130,000","261,348,347",503,Science & Technology,2015
452,Chhiwat Bant Hakima شهيوات بنت حكيمة,"1,130,000","133,885,642",967,Education,2016
453,DoktorWeigl,"1,130,000","197,233,089","1,425",Education,2016
454,unge,"1,120,000",0,0,Entertainment,2014
455,STRENGTH WARS,"1,120,000","205,477,205",148,Sports,2012
456,"Pinkfong, Baby Hai! Kinderlieder","1,120,000","453,182,830","1,025",People & Blogs,2019
457,GamerBrother,"1,120,000","625,077,477","3,839",Gaming,2012
458,The Ronaldofamily,"1,110,000","224,799,174",608,Sports,2023
459,Fitgreenmind,"1,110,000","424,114,580",594,https://us.youtubers.me/germany/all/top-1000-most_subscribed-youtube-channels-in-germany,2018
460,Estas Tonne,"1,110,000","128,822,500",463,Music,2006
461,KuchenTV,"1,110,000","450,432,114","1,192",Entertainment,2011
462,communiTV,"1,110,000","406,517,159","1,791",https://us.youtubers.me/germany/all/top-1000-most_subscribed-youtube-channels-in-germany,2018
463,وسام الربيعي - Wissam Al-Rubaie,"1,110,000","6,346,398",53,People & Blogs,2018
464,Заповедник,"1,100,000","321,059,196","2,430",Entertainment,2017
465,Fatih's Welt,"1,100,000","203,511,034",115,Entertainment,2015
466,Schnurriman,"1,100,000","262,712,892",395,Film & Animation,2009
467,AlexV,"1,100,000","256,426,195","1,283",Entertainment,2013
468,Tamil TV,"1,100,000","213,680,016","6,505",Film & Animation,2014
469,Jo Jonas - Brawl Stars,"1,100,000","603,323,116","2,034",Gaming,2020
470,مطبخنا الشامي,"1,100,000","120,148,608",673,People & Blogs,2017
471,Yummy Food World,"1,090,000","161,966,537",280,Entertainment,2016
472,TANZVERBOT,"1,090,000","283,195,063",807,Gaming,2014
473,Battle.Royaleclips,"1,090,000","115,419,303",277,https://us.youtubers.me/germany/all/top-1000-most_subscribed-youtube-channels-in-germany,2020
474,MRS. BELLA,"1,090,000","161,579,456",325,Entertainment,2014
475,Kojo,"1,080,000","235,609,032",176,Entertainment,2013
476,ohBrox,"1,080,000","321,158,390","2,265",Gaming,2016
477,ZwebackHD,"1,080,000","403,995,333","3,949",Gaming,2013
478,Canselguel,"1,070,000","883,281,364","4,444",People & Blogs,2019
479,Nikolai Savic,"1,070,000","591,062,481",94,People & Blogs,2014
480,World War Two,"1,070,000","264,618,834","1,107",Education,2018
481,der MMA,"1,070,000","696,150,804",555,Sports,2010
482,Linh Vyy Official,"1,070,000","289,163,207",371,Entertainment,2019
483,Learn German with Anja,"1,060,000","81,234,373",511,Education,2014
484,Rammor,"1,060,000","347,978,101",197,https://us.youtubers.me/germany/all/top-1000-most_subscribed-youtube-channels-in-germany,2014
485,Я люблю тебя жизнь - lch liebe dich Mein Leben!,"1,060,000","139,840,229","2,359",People & Blogs,2016
486,FurryFritz - Catographer,"1,060,000","691,110,506",234,Pets & Animals,2019
487,Emiirbayrak,"1,050,000","1,411,714,283","1,389",People & Blogs,2020
488,Crackle,"1,050,000","21,640,111",235,https://us.youtubers.me/germany/all/top-1000-most_subscribed-youtube-channels-in-germany,2022
489,REDEMPTION,"1,050,000","975,841,086","4,772",Film & Animation,2022
490,DieWalsers,"1,050,000","893,354,484","1,731",Entertainment,2021
491,WUMMS,"1,050,000","950,981,523",563,People & Blogs,2016
492,SYou,"1,050,000","305,957,039","1,972",Gaming,2017
493,Wakez,"1,050,000","356,660,227","2,448",Gaming,2015
494,docm77,"1,040,000","223,358,223","4,023",Gaming,2006
495,WDR Doku,"1,040,000","546,574,431",584,Entertainment,2017
496,MiiMii,"1,040,000","135,855,848",156,People & Blogs,2013
497,LumeXx,"1,040,000","445,411,028","1,125",Entertainment,2020
498,Krass Schule - Die jungen Lehrer,"1,040,000","428,027,910",948,Entertainment,2018
499,AJay Deluxe,"1,040,000","136,247,077",238,Entertainment,2017
500,dynmk,"1,040,000","611,616,751","2,900",Music,2010
501,Fishdom world,"1,030,000","702,331,426",335,Howto & Style,2022
502,Toca Sokaa,"1,030,000","458,963,652",404,https://us.youtubers.me/germany/all/top-1000-most_subscribed-youtube-channels-in-germany,2023
503,relaxdaily,"1,030,000","352,331,184",404,Music,2011
504,Leckere Gerichte,"1,030,000","244,643,667","1,044",Education,2021
505,Sashka,"1,030,000","137,271,285",297,Entertainment,2015
506,DAZN Fußball,"1,020,000","108,075,926",668,Sports,2017
507,GalaxyMusic,"1,020,000","656,590,354","2,064",Entertainment,2012
508,HaoFX,"1,020,000","743,871,443",766,Music,2014
509,MaroWeltShow - أخبار ألمانيا مارو,"1,020,000","296,438,491","3,556",Nonprofits & Activism,2011
510,MercBenzKing,"1,020,000","347,774,761",740,Autos & Vehicles,2015
511,16BARS,"1,010,000","650,444,684","2,652",Entertainment,2008
512,امجد و فرح Amjad & Farah Family,"1,010,000","50,155,592",169,Entertainment,2018
513,TuToTV,"1,010,000","200,401,309",892,Science & Technology,2012
514,Krass Klassenfahrt,"1,010,000","294,193,157",420,People & Blogs,2019
515,Hashem Al-Ghaili,"1,000,000","254,873,417",550,Science & Technology,2008
516,Held der Steine Inh. Thomas Panke,"1,000,000","548,551,802","1,792",Entertainment,2014
517,Justine Leconte officiel,"1,000,000","113,897,768",331,Howto & Style,2015
518,TheOftlerer,"1,000,000","227,630,053","1,409",People & Blogs,2011
519,KiKA von ARD und ZDF,"1,000,000","90,494,637","1,408",Entertainment,2014
520,Kay One,"1,000,000","506,957,592",141,Entertainment,2011
521,Marvin,"1,000,000","96,272,480",112,Entertainment,2011
522,Davis Schulz,"1,000,000","309,097,992",463,Comedy,2010
523,CanBroke,"997,000","160,212,105",387,Entertainment,2012
524,Gong Bao,"994,000","232,305,140",196,People & Blogs,2012
525,Marvyn Macnificent,"992,000","207,224,252",488,Howto & Style,2014
526,HBz,"991,000","936,125,831",897,Music,2011
527,Elda Wichmann,"989,000","140,561,721",879,People & Blogs,2010
528,Maruska 58 💅  High Up,"989,000","1,190,736,846","2,445",Entertainment,2020
529,Late Night Berlin,"986,000","564,001,063","1,125",Entertainment,2018
530,Sophia Thiel,"986,000","191,439,934",657,Sports,2014
531,Krench Royale,"985,000","282,773,442",888,Gaming,2018
532,FabianMagic,"985,000","545,293,683",769,Comedy,2018
533,Ah Nice,"982,000","205,163,972",380,Entertainment,2015
534,DJ BoBo,"982,000","1,020,602,328",817,Music,2007
535,RTL,"979,000","1,057,464,069","73,899",News & Politics,2008
536,Shenpai,"977,000","151,935,620",400,Howto & Style,2012
537,Mert Matan,"975,000","167,645,339",604,Entertainment,2010
538,WesamCo,"975,000","657,931,553","1,345",Gaming,2019
539,WDR,"974,000","479,548,053","1,700",Entertainment,2013
540,123 GO! HOUSE German,"971,000","725,471,757","1,647",Howto & Style,2023
541,Cheng,"971,000","158,475,927",541,Entertainment,2009
542,Jules,"967,000","66,146,732",28,Entertainment,2020
543,Einfach und lecker,"963,000","194,124,478",985,People & Blogs,2020
544,AgrarBlick,"958,000","621,605,706",594,Autos & Vehicles,2009
545,HATICE MAZI,"957,000","293,355,654",692,Howto & Style,2015
546,The Wineholics,"956,000","91,415,683",264,People & Blogs,2015
547,DAZN UEFA Champions League,"950,000","710,462,657","1,786",Sports,2018
548,Shpetim,"948,000","916,784,162","1,332",Entertainment,2016
549,Tisi Schubech,"948,000","524,381,966","3,432",Entertainment,2013
550,Peakzmotivation,"947,000","512,348,500",332,People & Blogs,2023
551,Robert Marc Lehmann - Mission Erde,"947,000","197,967,172",716,Travel & Events,2021
552,Tom Shuffle,"946,000","307,410,195",806,Gaming,2011
553,Embassy One,"946,000","1,574,826,960",633,Entertainment,2008
554,Radical Living,"941,000","756,701,005",499,Comedy,2013
555,MIRACULOUS - Geschichten von Ladybug und Cat Noir,"940,000","782,614,665",957,Film & Animation,2018
556,TopSpeedGermany,"938,000","247,614,392",170,Autos & Vehicles,2019
557,Thomas Krüger – Mr. Pianoman,"936,000","225,262,823",670,Music,2009
558,Centex,"936,000","977,914,725","3,373",Gaming,2015
559,Lava&Sherin TV لافا و شيرين,"935,000","353,144",103,People & Blogs,2014
560,"Hilf Mir! Jung, pleite, verzweifelt","935,000","893,202,331","1,109",Entertainment,2018
561,Mavie Noelle,"933,000","505,952,405","1,395",Howto & Style,2015
562,Hungriger Hugo,"933,000","125,042,867",130,Entertainment,2019
563,Mathe by Daniel Jung,"933,000","419,301,225","3,687",Education,2011
564,Lorenz Wiedenmann,"930,000","129,839,330",659,Howto & Style,2016
565,Need To Know,"928,000","102,512,715",130,Entertainment,2015
566,Adventure Buddy,"925,000","172,998,437",500,Entertainment,2017
567,Lecker mit Sophie Mayer,"925,000","167,138,729",954,People & Blogs,2020
568,100SekundenPhysik,"922,000","97,766,758",101,Education,2012
569,Electric Callboy,"922,000","453,922,398",218,Music,2010
570,Papy & Pepy,"919,000","467,380",8,Entertainment,2015
571,TipTapTube,"919,000","607,443,781","2,069",Gaming,2012
572,MILEYS WELT,"916,000","901,586,552","1,924",Entertainment,2011
573,SkennyBeatz Official,"915,000","314,234,255",114,Entertainment,2016
574,BeautxVlogs,"913,000","138,703,783",276,People & Blogs,2016
575,SPORT1,"910,000","1,482,242,398","23,568",Sports,2006
576,fitness__kaykay,"908,000","371,785,472",868,Sports,2014
577,Spielzeug Wunderland,"906,000","1,132,491,446","1,234",Film & Animation,2016
578,OCB Relax Music,"906,000","458,779,436",482,https://us.youtubers.me/germany/all/top-1000-most_subscribed-youtube-channels-in-germany,2009
579,Talha,"904,000","195,561,656",206,Entertainment,2017
580,BEATBOX BATTLE®,"903,000","311,287,906","1,743",Entertainment,2007
581,Arian,"902,000","209,339,915",307,Gaming,2018
582,Gấu trúc Định,"896,000","269,445",10,Science & Technology,2009
583,Bibi & Tina TV,"894,000","826,922,559",759,Music,2012
584,Jessicarmaniac,"892,000","1,146,404,736",728,Autos & Vehicles,2020
585,Mr.Puzzle,"891,000","219,506,629",522,Gaming,2016
586,SidneyEweka,"890,000","143,813,425",520,Gaming,2013
587,Namski,"889,000","76,909,256",28,People & Blogs,2015
588,Deutschland sucht den Superstar,"888,000","1,043,554,906","2,141",Entertainment,2012
589,IdialloFulani 🇬🇳,"887,000","453,426,405",112,Music,2016
590,pChal,"884,000","182,825,979",548,Gaming,2016
591,Iratsch,"882,000","195,378,198",471,Entertainment,2013
592,MOB,"880,000","94,214,539",68,Gaming,2014
593,Martin Miller,"878,000","179,818,874",241,Music,2006
594,Mark Forster,"877,000","765,660,930",166,Entertainment,2011
595,JamooTv Shorts,"877,000","926,408,982","1,173",People & Blogs,2021
596,earMUSIC,"874,000","723,199,534","1,896",Music,2009
597,Brox,"872,000","378,803,075","1,732",Gaming,2020
598,NintenU,"871,000","785,521,031","4,395",Gaming,2012
599,Malternativ,"869,000","364,522,169","1,279",Education,2016
600,Lsegaming_YT,"869,000","404,997,361",169,Gaming,2015
601,JERYKO,"868,000","290,873,163",497,Entertainment,2016
602,CR MAN 7,"868,000","221,556,850",651,Sports,2019
603,أسطُر,"866,000","214,491,264","1,902",Education,2019
604,Volbeat,"865,000","933,514,301",78,Entertainment,2013
605,ثائر TG,"864,000","12,000,312",176,Entertainment,2017
606,Lukas 712,"864,000","561,336,583",597,Entertainment,2021
607,Hey Stan,"863,000","335,555,909","4,645",Gaming,2015
608,Be a Bee - ( Dagi Bee VLOG Kanal ),"862,000","3,839,503",18,Comedy,2014
609,Germany's Next Topmodel,"861,000","1,885,951,417","3,880",Entertainment,2013
610,Nekky Natural Remedies,"860,000","45,723,032",761,https://us.youtubers.me/germany/all/top-1000-most_subscribed-youtube-channels-in-germany,2018
611,Lightning Cosplay,"859,000","226,184,266",235,Howto & Style,2012
612,"Netflix Deutschland, Österreich und Schweiz","859,000","247,913,646","3,485",Entertainment,2014
613,Leeroy Matata,"857,000","77,440,324",117,People & Blogs,2013
614,xLL by Lisa & Lena,"855,000","59,374,806",53,People & Blogs,2016
615,DW বাংলা,"854,000","103,957,073","1,818",People & Blogs,2013
616,KinderLernTV,"853,000","1,048,535,660","1,425",Film & Animation,2014
617,PelMen,"853,000","116,077,286",70,https://us.youtubers.me/germany/all/top-1000-most_subscribed-youtube-channels-in-germany,2022
618,Mehr Anzeigen,"851,000","364,761,534","1,284",Entertainment,2019
619,Reved,"851,000","232,903,885","1,110",Gaming,2014
620,KThePlonker,"851,000","701,245,364",757,Entertainment,2011
621,Das Supertalent,"851,000","663,710,413","1,066",Entertainment,2008
622,Fun Face Paint,"850,000","187,883,100",21,Education,2016
623,Supercoolben,"850,000","482,176,299",914,Film & Animation,2014
624,Ruhrpottwache,"848,000","794,590,918","3,857",Entertainment,2017
625,The Good Life Radio x Sensual Musique,"846,000","249,566,058",17,https://us.youtubers.me/germany/all/top-1000-most_subscribed-youtube-channels-in-germany,2017
626,OfficialArdianBujupi,"845,000","635,877,796",331,Entertainment,2011
627,Marti Fischer,"845,000","140,047,153",450,Entertainment,2007
628,Mein Herz schlägt Schlager,"845,000","1,347,750,772","1,576",Entertainment,2006
629,LinaRode,"844,000","396,999,731",144,Entertainment,2016
630,Slavik Junge,"843,000","132,407,140",221,People & Blogs,2019
631,Köln 50667,"839,000","753,778,584","2,040",Entertainment,2013
632,Tim Gabel,"839,000","385,502,315","1,454",Entertainment,2013
633,DW Türkçe,"837,000","323,304,179","8,785",Science & Technology,2011
634,Winds of Love,"836,000","672,863,151","2,514",People & Blogs,2023
635,TheBestCubeHD,"836,000","185,835,385",195,Film & Animation,2012
636,CraftedGaming Shorts,"835,000","247,614,709",181,Gaming,2023
637,MGP,"835,000","189,014,061",583,Entertainment,2011
638,Faktastisch,"834,000","210,458,780",538,Entertainment,2013
639,ARD,"833,000","226,341,810","2,715",News & Politics,2005
640,Simon Will,"833,000","169,888,623",908,People & Blogs,2010
641,SPORT BILD,"829,000","307,381,389","9,860",Sports,2014
642,SpongeBOZZ,"827,000","218,590,504",72,Entertainment,2013
643,Gabi Fastner,"826,000","290,632,956","4,553",Sports,2006
644,Lusor Koeffizient,"825,000","664,065,366","9,643",Gaming,2013
645,Laura Kampf,"825,000","103,636,195",472,Howto & Style,2015
646,Kathi,"823,000","199,603,999","1,057",Howto & Style,2010
647,Alycia Marie,"822,000","177,786,676",708,Howto & Style,2008
648,Mê Mụi,"822,000","748,673,200","1,317",People & Blogs,2012
649,DJEkkiMusic,"822,000","253,277,349",353,Entertainment,2012
650,Mathe - simpleclub,"822,000","155,400,503",433,Education,2011
651,Mrmobilefanboy,"821,000","552,247,901","10,561",Gaming,2012
652,Bundeswehr,"819,000","499,534,846","3,768",News & Politics,2006
653,Quarks,"819,000","187,370,718","1,048",Science & Technology,2018
654,Spass für Kinder,"816,000","850,885,651",902,Education,2014
655,Lena,"815,000","198,451,296",358,Entertainment,2015
656,Coupleontour,"815,000","456,658,037","1,715",People & Blogs,2018
657,Mr Baby Kinderreim für Kinder auf Deutsch,"813,000","301,148,882",605,People & Blogs,2016
658,Auto Addiction,"813,000","380,920,313","1,006",Autos & Vehicles,2015
659,Michael Smolik,"813,000","174,612,523",475,Sports,2015
660,Miniatur Wunderland,"812,000","327,861,700",714,People & Blogs,2009
661,PARTY ROCKZZ,"810,000","294,966,247",487,Entertainment,2012
662,Sniperbs_,"810,000","437,477,538",186,Gaming,2015
663,Shock Frost,"809,000","286,739,616",699,Gaming,2011
664,Vitamine,"807,000","351,288,580","2,740",Gaming,2018
665,Team Darkside,"807,000","348,364,024",804,Gaming,2013
666,Sportschau,"806,000","161,203,830","1,657",Sports,2015
667,Braxic,"804,000","146,214,411",887,Gaming,2018
668,مارد العرب,"803,000",0,0,Education,2017
669,Abgegrieft,"802,000","493,662,589","1,865",Entertainment,2013
670,TryReact,"801,000","441,638,899","1,691",Gaming,2018
671,DominoKati,"801,000","168,791,368",811,Howto & Style,2011
672,German Football,"798,000","173,108,920","1,169",Sports,2019
673,HYPERBOLE,"798,000","167,132,674",357,News & Politics,2013
674,Kayla Shyx,"796,000","93,437,573",158,People & Blogs,2016
675,OST BOYS,"796,000","115,975,946",224,People & Blogs,2016
676,Marky,"794,000","167,995,259",419,Gaming,2017
677,Köstliche Hausrezepte,"794,000","113,584,909",314,People & Blogs,2023
678,2Bough,"793,000","342,827,075","2,486",Entertainment,2006
679,Einfaches Rezept,"791,000","149,462,530",662,People & Blogs,2020
680,Kleinanzeigen WG,"789,000","439,929,426",786,Entertainment,2010
681,Sev,"789,000","430,629,459","2,555",Gaming,2014
682,vax football,"788,000","16,954,772",35,People & Blogs,2024
683,Flakezc,"787,000","340,966,794","1,561",Gaming,2017
684,HiTyrone25,"787,000","327,558,254","2,518",Gaming,2020
685,WooHoo DE,"786,000","610,981,454","1,510",Howto & Style,2019
686,Senioren Zocken,"785,000","100,146,665",585,Gaming,2015
687,ОЛЕГ ВИННИК,"785,000","521,605,837",108,Music,2011
688,Mike Singer,"784,000","204,813,650",151,Entertainment,2012
689,Maren Wolf,"784,000","29,232,721",128,Howto & Style,2009
690,annablutube,"782,000","158,971,574",52,Music,2010
691,Vinny Piano,"780,000","267,259,254",207,Entertainment,2013
692,Alligatoah,"779,000","540,327,985",337,Entertainment,2006
693,Taymetic,"777,000","141,444,030",577,Entertainment,2017
694,Jenice,"776,000","461,528,466","3,338",Music,2018
695,NIZE,"776,000","42,081,677",152,Entertainment,2015
696,Kinder Cartoons,"776,000","824,781,489","1,248",People & Blogs,2015
697,AndyGM en Berlín,"772,000","52,255,671",689,People & Blogs,2014
698,Itsofficialmarco,"771,000","1,051,316,538",812,People & Blogs,2015
699,Лучшие Зарубежные Боевики,"769,000","171,261,836",545,People & Blogs,2020
700,Debitor,"766,000","370,925,773","8,857",Gaming,2010
701,Поле брани,"766,000","571,897,374","1,409",Travel & Events,2012
702,FaxxenTV,"764,000","75,251,058",207,Entertainment,2014
703,Scooter,"764,000","539,375,350",296,Music,2005
704,العرمرم العويقل,"763,000","534,758,209",148,Entertainment,2017
705,ZDFbesseresser,"760,000","310,701,045",605,Education,2013
706,Mamiversum,"759,000","1,249,888,111",491,Entertainment,2016
707,diejungs,"757,000","159,652,122",718,People & Blogs,2006
708,F.CHARM,"757,000","456,773,610",134,Music,2012
709,4viator,"756,000","542,723,303",382,Autos & Vehicles,2019
710,vkgoeswild,"756,000","233,346,045","1,107",Music,2007
711,Jumanji TM,"756,000","164,713,008",365,Entertainment,2016
712,TechAltar,"754,000","88,965,484",229,Science & Technology,2013
713,yvonnedilauro,"754,000","1,285,133,200","1,034",People & Blogs,2016
714,KüsengsTV,"752,000","322,573,957","1,747",People & Blogs,2016
715,TooBad,"752,000","777,137,430",787,Gaming,2022
716,Dner,"751,000","128,463,813","1,220",Gaming,2016
717,Athletic Interest,"750,000","101,888,630",126,https://us.youtubers.me/germany/all/top-1000-most_subscribed-youtube-channels-in-germany,2019
718,Mathias Mester,"750,000","502,152,372",336,Sports,2017
719,Blackout,"750,000","351,479,038","2,685",People & Blogs,2016
720,FeelGamingTV,"747,000","256,872,031","2,868",Gaming,2012
721,Andre Krieger (CommanderKrieger),"745,000","189,825,735","4,993",Nonprofits & Activism,2010
722,Evanijo,"744,000","170,904,821",634,Entertainment,2014
723,Bastian,"744,000","151,150,664",652,Gaming,2016
724,Mexify +,"743,000","148,094,582",411,Gaming,2020
725,OttoBulletproof,"742,000","85,333,908",378,People & Blogs,2020
726,EHRENPFLAUME,"740,000","84,295,729",140,Entertainment,2020
727,My Petsie,"739,000","370,253,777","1,233",Pets & Animals,2017
728,Nedzeer,"738,000","42,374,948",363,Gaming,2023
729,KevKevKiwi,"736,000","365,968,812","1,541",Entertainment,2022
730,Dark Monkey Music,"736,000","110,369,057",515,Music,2011
731,Martin Wehrle: Coaching- und Karrieretipps,"736,000","190,832,606","1,288",People & Blogs,2016
732,Ahmed Moharam - احمد محرم,"735,000","363,537,735","1,123",Comedy,2017
733,FC Filmstudio,"734,000","197,301,293",738,People & Blogs,2021
734,Souryaz TV,"727,000","35,243,730",165,Film & Animation,2018
735,Hypnotize Entertainment,"725,000","585,513,079",114,Music,2013
736,Beauty Benzz Shorts Official,"724,000","958,760,456","2,070",People & Blogs,2021
737,Голос Германии,"723,000","125,781,848",816,Nonprofits & Activism,2012
738,TypischCalvin,"723,000","581,871,575",865,Comedy,2015
739,FlorianOnAir,"723,000","282,096,507","1,815",Entertainment,2011
740,Kikis Kitchen,"721,000","173,737,362","1,011",Howto & Style,2012
741,DANCE ENERGY dance studio,"721,000","197,139,287",149,Entertainment,2009
742,Niklas Kolorz,"720,000","425,853,706",711,Education,2015
743,Cartoon Network Deutschland,"720,000","570,526,124","2,793",Entertainment,2010
744,Mr. T,"719,000","4,606",53,People & Blogs,2016
745,Kick11,"719,000","74,142,410",787,Sports,2014
746,Gebrüder Lange,"719,000","178,932,275",380,People & Blogs,2017
747,Sneili Sneils,"718,000","349,584,229","1,639",Gaming,2015
748,Miguel Pablo,"713,000","39,425,144",72,Entertainment,2010
749,SWR Handwerkskunst,"712,000","261,086,494",404,Howto & Style,2020
750,AYLIVA,"712,000","531,760,631",31,Music,2021
751,Lindemann - Offiziell,"711,000","183,733,257",27,Entertainment,2014
752,Chrissi,"710,000","319,379,441",865,Entertainment,2018
753,Khaled Bozan,"709,000","197,863,804","2,588",Education,2014
754,JONAS SHORTS,"709,000","964,005,158","1,237",People & Blogs,2021
755,NebelNiek,"708,000","159,903,832",565,Gaming,2013
756,ungefilmt,"707,000","127,039,058",230,People & Blogs,2013
757,Fero47,"707,000","198,279,598",34,Music,2018
758,BruderSpielwaren,"707,000","520,955,404",156,Autos & Vehicles,2012
759,datteltäter,"707,000","225,083,949",730,People & Blogs,2015
760,Gesundheitsblatt,"707,000","237,040,756","2,301",Howto & Style,2017
761,Aliain,"706,000","398,722,720",116,People & Blogs,2024
762,Ton Verändert,"706,000","195,226,888","1,509",Entertainment,2016
763,Con_wa,"706,000","44,334,738",243,Gaming,2020
764,Alicia Joe,"705,000","76,263,132",213,Howto & Style,2011
765,ItzJul Shorts,"705,000","996,250,894","1,446",People & Blogs,2021
766,Two Jews,"703,000","198,400,620",147,People & Blogs,2020
767,FactasticFeed,"701,000","581,371,598",214,Entertainment,2023
768,Sweky Bros,"701,000","13,826,486",27,People & Blogs,2011
769,TPM - Top Persian Music,"700,000","343,111,900","9,016",Music,2016
770,My Name Is Andong,"700,000","73,022,927",254,Howto & Style,2009
771,Alexander Straub,"699,000","153,465,330",678,Entertainment,2011
772,KIS KIS - keep it short,"698,000","199,663,499","1,130",Entertainment,2018
773,Cevheri Güven,"698,000","259,621,685",579,https://us.youtubers.me/germany/all/top-1000-most_subscribed-youtube-channels-in-germany,2015
774,Sonny Loops,"698,000","161,341,956","1,160",Entertainment,2014
775,IDLEGLANCE,"696,000","615,628,659","2,558",Music,2016
776,MckyTV,"695,000","199,515,478","1,307",Gaming,2016
777,Lamiya Slimani,"695,000","43,878,359",278,People & Blogs,2009
778,RTL,"694,000","1,061,765,118","8,790",Entertainment,2013
779,AltanaBananaTV,"694,000","9,401,160",11,Entertainment,2010
780,CHECKER WELT,"693,000","554,269,794",373,Education,2017
781,Chimperator Channel,"691,000","719,863,980","1,024",Entertainment,2007
782,Claudetta Crochet,"690,000","99,258,711",501,People & Blogs,2016
783,Monsterwolf Music,"688,000","122,376,439",615,Music,2013
784,Hatice Schmidt,"686,000","209,479,313",891,Howto & Style,2011
785,Anni The Duck,"680,000","139,964,834",311,Entertainment,2017
786,Eligella,"680,000","189,943,841","1,412",Gaming,2017
787,Dennome,"680,000","279,790,507","2,831",Gaming,2013
788,DW Indonesia,"679,000","132,631,292","2,878",Science & Technology,2012
789,AK AUSSERKONTROLLE,"678,000","381,323,527",35,People & Blogs,2017
790,Shayan Garcia,"678,000","73,506,235",164,Comedy,2017
791,Just Elias,"677,000","416,106,396","1,975",People & Blogs,2022
792,Spiel mit mir - Apps und Games,"677,000","539,327,913","4,848",Gaming,2016
793,Theresa Kirchner,"676,000","523,848,709","1,202",Entertainment,2016
794,LEA,"676,000","610,295,526",382,Entertainment,2007
795,Dreemtum,"675,000","565,981,448","2,310",Gaming,2012
796,Get.factual,"675,000","147,766,146",899,https://us.youtubers.me/germany/all/top-1000-most_subscribed-youtube-channels-in-germany,2021
797,LordJesus,"675,000","56,147,629",18,People & Blogs,2019
798,Parkett Boos,"673,000","753,179,354","15,703",People & Blogs,2015
799,Sahra Wagenknecht,"672,000","97,204,537",339,News & Politics,2019
800,Rundumleuchte1,"672,000","147,784",21,Autos & Vehicles,2009
801,FunVideoTV,"672,000","1,124,145,739",145,Film & Animation,2010
802,Rap Check,"670,000","416,190,291","5,394",Entertainment,2014
803,jannikfreestyle,"670,000","884,000,208","4,087",Sports,2017
804,Prophet Today Channel,"670,000","25,314,079",622,Education,2016
805,Die Frage,"669,000","148,693,431",423,People & Blogs,2016
806,👑 Spiel Mit Mir Malvina💎 Maruska 58,"668,000","777,051,069","2,471",Entertainment,2019
807,TOGGO,"668,000","336,561,600","1,672",Entertainment,2010
808,JDK TV,"668,000","657,953,812","1,328",Comedy,2015
809,HKCM,"667,000","166,765,915","2,407",Education,2015
810,ARD Marktcheck,"666,000","268,838,737","1,596",Howto & Style,2010
811,SecondTry,"666,000","283,726,176","1,605",Gaming,2020
812,Folien Prinz,"666,000","372,857,153",742,Autos & Vehicles,2017
813,Bares für Rares,"666,000","667,361,096","1,773",News & Politics,2006
814,DoktorFroid,"664,000","200,032,951","1,378",Gaming,2012
815,JamooTv,"664,000","91,115,573",220,Music,2016
816,WATCH NOW - SCI-FI & FANTASY,"664,000","161,576,601",583,Film & Animation,2015
817,Daniel Abt,"663,000","231,177,470",973,Autos & Vehicles,2010
818,Breaking Lab,"663,000","139,430,897",853,Science & Technology,2016
819,videopoly,"663,000","275,742,489",120,Film & Animation,2023
820,Brian Michael Hinds,"663,000","397,810,567",401,Music,2019
821,LarsLP,"660,000","338,422,193","2,266",Gaming,2012
822,BodyKiss,"659,000","157,352,130","1,074",Sports,2013
823,Alice Merton,"658,000","485,513,258",79,Music,2014
824,Goal Deutschland,"657,000","119,375,376","3,608",Sports,2017
825,Thomas Müller,"656,000","124,959,191",619,Sports,2016
826,Niklas Wilson,"656,000","69,884,064",614,Entertainment,2020
827,Fiago,"656,000","694,104,486",852,Sports,2019
828,factoids,"655,000","439,233,506",334,Travel & Events,2006
829,Isabeau,"655,000","386,583,337","1,203",Howto & Style,2013
830,thisisvoyce,"655,000","207,130,435",436,People & Blogs,2009
831,mirellativegal,"654,000","196,716,185",870,Howto & Style,2012
832,H_catikkas 1984,"653,000","381,965,469",149,Comedy,2013
833,Julius,"652,000","222,331,199","1,895",Gaming,2016
834,ItsMarvin (itsmarvin),"649,000","229,981,653",832,People & Blogs,2009
835,Stephan Gerick,"649,000","122,092,216",489,Entertainment,2011
836,Raja Meissner,"649,000","125,802,334",181,Music,2015
837,HamedLoco,"648,000","214,282,517",869,Gaming,2015
838,Tamil Voice,"648,000","113,477,300","4,080",Film & Animation,2015
839,Thomas阿福,"645,000","136,106,747",449,Entertainment,2016
840,Mensch Markus,"645,000","625,002,416",782,Entertainment,2013
841,Raportagen,"644,000","84,002,390",65,Education,2017
842,Robert Hofmann,"644,000","467,114,831","8,036",Entertainment,2011
843,Simex,"643,000","368,103,884","1,891",Entertainment,2015
844,G2 Esports,"643,000","135,873,771","1,446",Gaming,2014
845,Amar,"641,000","199,974,411","1,677",Gaming,2014
846,stern TV,"641,000","528,953,393","1,215",News & Politics,2015
847,JOON German,"640,000","415,420,520","2,050",Howto & Style,2023
848,ADCArtAttack,"640,000","87,826,364",382,https://us.youtubers.me/germany/all/top-1000-most_subscribed-youtube-channels-in-germany,2012
849,ARD Kinder und Familie,"640,000","504,077,736","1,806",Entertainment,2012
850,Biologie - simpleclub,"638,000","129,485,505",298,Education,2014
851,SAIFOND,"637,000","140,732,127",121,Music,2019
852,Amazon Prime Video Deutschland,"636,000","401,021,687","2,388",Entertainment,2013
853,Kuhlewu,"635,000","112,937,633",537,Entertainment,2018
854,justin,"635,000","117,934,243",461,People & Blogs,2015
855,Meydan TV,"635,000","300,295,672","9,473",News & Politics,2013
856,Verspieltes Gnu,"634,000","188,151,880","1,187",Gaming,2019
857,Aktien mit Kopf,"634,000","439,650,365","3,781",Education,2013
858,Adam And Elea,"632,000","346,575,332",555,Comedy,2023
859,د. خلود عادل - Dr. Kholod Adel,"631,000","132,479",24,Entertainment,2016
860,CNC Kitchen,"631,000","96,472,098",219,Science & Technology,2016
861,PC-WELT,"631,000","169,126,714","2,890",Science & Technology,2006
862,PumaTheWeirdo,"630,000","382,203,850",171,Pets & Animals,2022
863,aminhooooo,"630,000","316,218,862",488,Gaming,2021
864,Wisdom for Dominion,"630,000","65,014,110","1,023",People & Blogs,2016
865,M539 Restorations,"629,000","111,031,729",161,Autos & Vehicles,2014
866,Aimbrot,"629,000","171,795,452","1,902",Gaming,2013
867,Gute Rezepte,"629,000","138,538,435",440,https://us.youtubers.me/germany/all/top-1000-most_subscribed-youtube-channels-in-germany,2020
868,Fabio Schäfer,"629,000","90,215,543",715,Sports,2010
869,MathemaTrick,"629,000","149,201,150","1,331",Education,2014
870,SmoothMadnezz,"628,000","26,235,185",75,Gaming,2017
871,AUTO BILD,"628,000","598,389,359","7,714",Autos & Vehicles,2006
872,RC TRUCK ACTION,"627,000","240,425,906","1,383",Autos & Vehicles,2009
873,Spielzeugtester,"625,000","849,792,796","1,464",Entertainment,2014
874,Der Dunkle Parabelritter,"625,000","123,862,157",975,Entertainment,2012
875,ein Holzkopf,"625,000","75,171,646",52,Entertainment,2013
876,Rotpilz,"624,000","97,903,799","1,194",Gaming,2013
877,Meditation & Relaxation - Music channel,"624,000","57,666,154",206,Music,2015
878,MR ViTuBiG,"623,000","21,298,876",517,Gaming,2023
879,Tages Spiegel,"622,000","348,858,878","8,098",Entertainment,2017
880,Rocket Beans TV,"621,000","587,048,822","10,139",Gaming,2012
881,ЮЛИЯ ЛАНСКЕ | Love-коуч | ЭКСПЕРТ ПО ОТНОШЕНИЯМ,"620,000","85,286,827","1,302",Education,2012
882,Caroline ASMR,"620,000","158,515,992",359,Entertainment,2014
883,Papaplatte Gaming,"620,000","188,207,176",350,Gaming,2020
884,Maxim,"619,000","536,256,225","3,730",Gaming,2012
885,Ngoko Tbl,"619,000","159,242,648",647,People & Blogs,2017
886,WackenTV,"619,000","218,482,032","2,428",Entertainment,2013
887,DJ Ice Rolls,"618,000","568,903,126",680,Entertainment,2021
888,У Надюхи на кухне,"618,000","76,702,260",425,People & Blogs,2015
889,SKITSFUL German,"618,000","499,477,326","1,716",Howto & Style,2023
890,King Crimax,"617,000","153,869,560",874,Gaming,2019
891,DieWolfs,"617,000","145,209,559","1,091",Travel & Events,2010
892,MarvinVlogt,"615,000","155,672,785","1,547",Gaming,2016
893,Patricia Herfort,"615,000","1,026,948,843","4,292",Film & Animation,2013
894,Dumm Tüch,"614,000","149,090,807",367,Entertainment,2014
895,دنيا محمد Dunia Mohammed,"614,000","149,335,525",773,Entertainment,2015
896,ZDF Satire,"612,000","516,001,427","1,474",Entertainment,2011
897,Kalle,"611,000","97,807,879",600,Gaming,2007
898,قناة بصمة - CANAL IMPRINT,"609,000","44,856,749",101,Entertainment,2017
899,Sirius,"609,000","117,395,329",203,Gaming,2014
900,RuiN Reserve,"608,000","57,709,474",212,Gaming,2014
901,Laschakv,"608,000","621,114,239",502,Comedy,2021
902,ZDFinfo Dokus & Reportagen,"607,000","186,157,373",421,News & Politics,2017
903,Noel Dederichs,"607,000","147,227,910",267,Entertainment,2019
904,Radio Hits Music,"607,000","42,469,255",15,https://us.youtubers.me/germany/all/top-1000-most_subscribed-youtube-channels-in-germany,2018
905,MrTrashpack,"607,000","143,543,992",918,Entertainment,2009
906,Flying Passport,"607,000","119,492,222",385,https://us.youtubers.me/germany/all/top-1000-most_subscribed-youtube-channels-in-germany,2020
907,Karim Rafea,"606,000","69,956,112",559,People & Blogs,2013
908,Disney Deutschland,"605,000","746,638,620","2,514",Film & Animation,2007
909,Domo,"604,000","236,933,218",675,Entertainment,2018
910,Streamfrei,"603,000","151,018,588",625,Entertainment,2020
911,Dacris World,"602,000","255,072,871",6,Music,2020
912,Azzlackz,"601,000","360,454,091",239,Entertainment,2014
913,FUN KIDS STUDIO,"600,000","540,452,969",299,People & Blogs,2024
914,Letshe,"599,000","80,973,680",847,Gaming,2018
915,Mefyou,"599,000","1,769,846",10,Entertainment,2015
916,Alex Freerun,"598,000","586,320,486","1,706",Entertainment,2018
917,Cars Town - Cartoons für Kinder,"596,000","176,400,007",12,People & Blogs,2017
918,NPLAY,"596,000","390,356,537","5,590",Gaming,2013
919,Mudi,"596,000","281,099,664",159,Music,2010
920,Play & Learn Kids Games,"596,000","264,507,121",42,Entertainment,2015
921,NHG Benji,"596,000","222,837,284","1,671",Gaming,2014
922,FifaGoalsUnited,"595,000","283,078,644","3,278",Gaming,2011
923,PJ Adventure - Paul Schridde,"595,000","116,280,325",465,Entertainment,2015
924,Diana zur Löwen,"594,000","126,601,679",920,Entertainment,2012
925,Mia and me,"593,000","360,730,633","1,376",Film & Animation,2012
926,SiccasGuitars,"593,000","197,341,107","2,410",Music,2012
927,Kim Petras,"591,000","275,606,410",254,People & Blogs,2007
928,CEL INA,"590,000","293,348,077","2,019",Entertainment,2016
929,Klengan,"590,000","219,174,566","1,835",Entertainment,2012
930,Hensslers Schnelle Nummer,"589,000","174,845,563","1,084",Howto & Style,2012
931,Matthias Berger,"589,000","234,276,381","1,610",Howto & Style,2010
932,Emily,"588,000","127,675,320",936,Gaming,2020
933,David Shorts,"588,000","684,125,449","1,965",Autos & Vehicles,2012
934,Schliingeel,"587,000","593,326,049",909,Entertainment,2020
935,Tim Kellner,"587,000","38,131,532",114,People & Blogs,2015
936,KADR TV,"584,000","369,418,984",15,Music,2018
937,Aviencloud,"584,000","379,661,900","1,232",Music,2013
938,Kliemannsland,"584,000","216,277,825",458,People & Blogs,2016
939,Talking Tom & Friends auf Deutsch,"583,000","160,958,522",360,Entertainment,2018
940,XCageGame,"582,000","433,065,276","9,822",Gaming,2014
941,iKnowReview,"581,000","216,932,078","1,095",Science & Technology,2013
942,Marc Friedrich,"581,000","187,115,384","1,921",Education,2016
943,bausashaus,"581,000","371,572,249",71,People & Blogs,2016
944,KAYEF,"581,000","168,657,464",441,Entertainment,2009
945,Der Keller,"580,000","144,343,880","1,178",Entertainment,2012
946,2 Bored Guys,"580,000","78,644,120",385,Entertainment,2016
947,Satter Hugo,"580,000","165,126,971",232,Entertainment,2020
948,MATTIN,"580,000","124,990,500",413,Entertainment,2020
949,NurLive,"580,000","78,784,378",198,People & Blogs,2019
950,Kinder Welt,"579,000","281,960,343",590,Entertainment,2016
951,DIY Inspiration,"579,000","328,355,911","5,009",Howto & Style,2014
952,Anne Wünsche,"578,000","145,593,770",785,Entertainment,2010
953,Air-Clips.com,"578,000","201,529,910","2,887",Travel & Events,2011
954,Anna Gazanis,"578,000","396,384,773","1,388",People & Blogs,2011
955,Techtastisch - Experimente und 3D Druck,"577,000","178,450,944",884,Science & Technology,2014
956,darkviktory,"577,000","126,732,128",549,Comedy,2009
957,Schlumpf,"577,000","180,918,927",381,Entertainment,2020
958,Alex Fremdwelt,"576,000","353,159,385",63,People & Blogs,2023
959,Hessischer Rundfunk,"576,000","478,170,498","8,439",Entertainment,2008
960,ICONxMADE,"576,000","374,907,001",874,Music,2018
961,Jonas Winkler,"575,000","267,401,080","1,080",Howto & Style,2018
962,EinfachGustaf,"575,000","230,928,156",657,Gaming,2016
963,Shiine Culay,"574,000","64,327,918",986,People & Blogs,2015
964,Lecker mit Annet,"574,000","119,957,301",808,Howto & Style,2020
965,HD Corleone ®,"573,000","21,826,355",75,Music,2010
966,leyiiiN,"573,000","385,840,002","2,937",Gaming,2009
967,follow me.reports,"573,000","150,286,118",325,People & Blogs,2017
968,Addi LIVE,"572,000","179,284,713","1,629",Gaming,2016
969,Thats.M.E,"572,000","100,985,169",564,Howto & Style,2014
970,DerSorbus,"572,000","367,244,123","13,535",Gaming,2010
971,Topic,"572,000","581,847,660",115,Music,2013
972,2WEI,"571,000","336,955,482",108,https://us.youtubers.me/germany/all/top-1000-most_subscribed-youtube-channels-in-germany,2017
973,Crunkz,"571,000","2,814,897",32,Entertainment,2010
974,MrPyroManager,"571,000","240,820,478","1,909",Entertainment,2012
975,Mainstage,"570,128",0,0,Entertainment,2012
976,KidMave,"568,000","235,869,599","1,508",Entertainment,2015
977,HB Mark Zockt,"567,000","599,942,529","1,268",Gaming,2020
978,Die dreisten Drei,"567,000","425,498,458",878,Comedy,2014
979,Mina Rome,"566,000","59,163,661",341,People & Blogs,2014
980,EuroArtsChannel,"566,000","194,119,495","2,431",Education,2009
981,ابن زومبي ABN ZOMBIE,"566,000","75,593,550",254,Gaming,2016
982,RINGLIFE,"566,000","194,605,041","1,079",Sports,2018
983,CALLEkocht - Omas Rezepte,"564,000","170,742,995",895,Howto & Style,2014
984,Beste Köse,"564,000","518,283,349",574,Entertainment,2015
985,Deutsch verstehen,"564,000","230,450,862",600,Education,2018
986,Lets-Bastel,"564,000","160,755,932",659,Entertainment,2015
987,SWR Doku,"560,000","306,416,447",750,People & Blogs,2019
988,Freddy,"559,000","793,767,988",846,Film & Animation,2021
989,hOlyhexOr,"559,000","501,863,987","14,391",Film & Animation,2006
990,Noah Schneider,"558,000","167,898,472",617,Entertainment,2017
991,Last Minute Kitchen,"558,000","93,175,555",127,Howto & Style,2014
992,Achtung Kontrolle,"558,000","778,332,965","4,262",Entertainment,2018
993,WillShorts,"557,000","208,594,430","1,520",Entertainment,2011
994,EsKay,"557,000","7,076,051",34,Gaming,2013
995,Familie Klickmann,"557,000","362,554,440",154,Entertainment,2023
996,Goaltinho,"556,000","177,177,157",654,Sports,2022
997,byStegi,"556,000","57,192,052",325,Gaming,2012
998,Jasmin Gnu,"556,000","105,664,179",395,People & Blogs,2019
999,Beat-Club,"555,000","376,768,424","1,651",https://us.youtubers.me/germany/all/top-1000-most_subscribed-youtube-channels-in-germany,2009
1000,Mark Kvas,"555,000","67,134,384",35,Gaming,2019
